test,type,epsilon,sigma^min,sigma^low,sigma^up,sigma^max,UB,LB,gap(%),#Ebs,BBn,CPU_total,CPU_root,CPU_pricing
I1_1,worst-case,0,0,20,80,80,4282.6,4281.9,0.02,4,41,4.2,2,3.3
I1_1,optimistic,0,0,20,80,80,4258.6,4258.2,0.01,4,163,6.2,1.6,4.5
I1_1,stochastic,0.001,0,20,80,80,4275.2,4274.6,0.01,4,124,12.6,5.9,11.1
I1_1,stochastic,0.005,0,20,80,80,4274.8,4274.3,0.01,4,98,23.1,5.6,20.1
I1_1,stochastic,0.01,0,20,80,80,4273.6,4273.6,0,4,41,7.4,5.7,6.8
I1_1,stochastic,0.05,0,20,80,80,4273.6,4273.6,0,4,40,6.8,5.6,6.2
I1_1,stochastic,0.1,0,20,80,80,4273.6,4273.6,0,4,44,7.3,5.8,6.7
I1_1,stochastic,0.15,0,20,80,80,4273.6,4273.6,0,4,32,7,5.6,6.5
I1_1,stochastic,0.2,0,20,80,80,4273.6,4273.6,0,4,44,7.5,5.8,6.9
I1_1,stochastic,0.25,0,20,80,80,4273.6,4273.6,0,4,40,7.5,5.8,7
I1_1,stochastic,0.3,0,20,80,80,4273.6,4273.6,0,4,41,7.1,5.5,6.6
I1_1,stochastic,0.4,0,20,80,80,4273.6,4273.6,0,4,46,7,5.3,6.5
I1_1,stochastic,0.5,0,20,80,80,4273.6,4273.6,0,4,42,6.4,5.1,5.9
I1_1,worst-case,0,0,30,80,80,4294.6,4294.6,0,4,47,2.9,1.8,2.3
I1_1,optimistic,0,0,30,80,80,4268.2,4268.2,0,4,40,3,1.8,2.3
I1_1,stochastic,0.001,0,30,80,80,4283,4282.9,0,4,46,6.6,4.1,6
I1_1,stochastic,0.005,0,30,80,80,4282.2,4279.3,0.07,4,122,22.4,4.6,19.7
I1_1,stochastic,0.01,0,30,80,80,4278.4,4277.6,0.02,4,269,108.2,4.4,96.1
I1_1,stochastic,0.05,0,30,80,80,4276.8,4276.8,0,4,46,7.8,5.6,7.2
I1_1,stochastic,0.1,0,30,80,80,4276,4276,0,4,42,8.6,7.1,8
I1_1,stochastic,0.15,0,30,80,80,4276,4275.4,0.01,4,141,31.2,13,28.7
I1_1,stochastic,0.2,0,30,80,80,4276,4275.2,0.02,4,121,32.1,13.2,29.7
I1_1,stochastic,0.25,0,30,80,80,4276,4274.9,0.03,4,212,38.1,13.2,34.5
I1_1,stochastic,0.3,0,30,80,80,4276,4274.7,0.03,4,198,39.3,17.6,36.2
I1_1,stochastic,0.4,0,30,80,80,4275.6,4274,0.04,4,207,30.9,5.5,27.6
I1_1,stochastic,0.5,0,30,80,80,4274.8,4273.7,0.03,4,56,8.4,5.6,7.7
I1_2,worst-case,0,0,20,80,80,4302.2,4302.2,0,4,51,3,1.7,2.4
I1_2,optimistic,0,0,20,80,80,3290.2,3290.2,0,3,47,2.4,1.5,1.9
I1_2,stochastic,0.001,0,20,80,80,4295.4,4295,0.01,4,150,16.6,6.5,14.5
I1_2,stochastic,0.005,0,20,80,80,4295.4,4294.8,0.01,4,136,19.2,5.5,16.8
I1_2,stochastic,0.01,0,20,80,80,4295.4,4294.7,0.02,4,134,14.4,4.9,12.7
I1_2,stochastic,0.05,0,20,80,80,4295,4291.9,0.07,4,54,8.5,4.7,7.8
I1_2,stochastic,0.1,0,20,80,80,4295,4291.9,0.07,4,59,7.6,4.6,6.9
I1_2,stochastic,0.15,0,20,80,80,4295,4291.9,0.07,4,56,8.2,5,7.7
I1_2,stochastic,0.2,0,20,80,80,4295,4291.9,0.07,4,54,7.2,4.3,6.5
I1_2,stochastic,0.25,0,20,80,80,4295,4291.9,0.07,4,56,7.7,4.9,6.8
I1_2,stochastic,0.3,0,20,80,80,4295,4291.9,0.07,4,61,7.5,4.6,6.7
I1_2,stochastic,0.4,0,20,80,80,4295,4291.9,0.07,4,56,7.7,4.8,6.9
I1_2,stochastic,0.5,0,20,80,80,4295,4291.9,0.07,4,71,7.8,5.1,7.1
I1_2,worst-case,0,0,30,80,80,4312.8,4312.8,0,4,47,2.9,1.5,2.3
I1_2,optimistic,0,0,30,80,80,3294.2,3294.2,0,3,50,2.4,1.2,1.9
I1_2,stochastic,0.001,0,30,80,80,4303.4,4302.5,0.02,4,83,20.6,5.9,18.2
I1_2,stochastic,0.005,0,30,80,80,4302.2,4301,0.03,4,69,8.2,3.7,7.2
I1_2,stochastic,0.01,0,30,80,80,4299,4298.5,0.01,4,54,7.5,4.4,6.9
I1_2,stochastic,0.05,0,30,80,80,4297.8,4297.8,0,4,44,7.4,6.5,6.9
I1_2,stochastic,0.1,0,30,80,80,4298,4296.6,0.03,4,77,18.4,4.8,16.5
I1_2,stochastic,0.15,0,30,80,80,4296.6,4296,0.01,4,78,18.7,6.8,17.1
I1_2,stochastic,0.2,0,30,80,80,4298,4295.7,0.05,4,131,24.1,7.2,21.6
I1_2,stochastic,0.25,0,30,80,80,4295.8,4295.3,0.01,4,84,19.3,5.7,17.4
I1_2,stochastic,0.3,0,30,80,80,4296.6,4295.1,0.03,4,134,17.7,6.6,15.6
I1_2,stochastic,0.4,0,30,80,80,4295.4,4294.9,0.01,4,167,38.6,5,33.7
I1_2,stochastic,0.5,0,30,80,80,4295.4,4294.7,0.02,4,156,27,5,23.9
I1_3,worst-case,0,0,20,80,80,4304.4,4304.4,0,4,42,2.6,1.8,2.2
I1_3,optimistic,0,0,20,80,80,3279.6,3279.6,0,3,46,2.1,1.1,1.7
I1_3,stochastic,0.001,0,20,80,80,4298.4,4297.7,0.02,4,125,13.5,4.2,12
I1_3,stochastic,0.005,0,20,80,80,4297.2,4297,0,4,78,10.1,4.9,9
I1_3,stochastic,0.01,0,20,80,80,4296.8,4296.6,0,4,71,9,4.1,8.2
I1_3,stochastic,0.05,0,20,80,80,4292.4,4292.1,0.01,4,54,8,4.6,7.3
I1_3,stochastic,0.1,0,20,80,80,4288,4288,0,4,36,5.7,4.4,5.3
I1_3,stochastic,0.15,0,20,80,80,4288,4288,0,4,44,5.9,4.5,5.3
I1_3,stochastic,0.2,0,20,80,80,4288,4288,0,4,49,5.7,4,5.1
I1_3,stochastic,0.25,0,20,80,80,4288,4288,0,4,35,5.4,4.1,4.9
I1_3,stochastic,0.3,0,20,80,80,4288,4288,0,4,49,5.9,4.4,5.5
I1_3,stochastic,0.4,0,20,80,80,4288,4288,0,4,55,5.8,4.1,5.3
I1_3,stochastic,0.5,0,20,80,80,4288,4288,0,4,52,5.8,4.2,5.4
I1_3,worst-case,0,0,30,80,80,4315.2,4315.2,0,4,45,2.6,1.5,2.1
I1_3,optimistic,0,0,30,80,80,4288,4288,0,4,37,2.1,1.2,1.7
I1_3,stochastic,0.001,0,30,80,80,4313.2,4311.4,0.04,4,66,9.5,3.9,8.4
I1_3,stochastic,0.005,0,30,80,80,4305.2,4304.6,0.01,4,72,14.8,4.4,13.4
I1_3,stochastic,0.01,0,30,80,80,4304,4300.7,0.08,4,178,35.5,4.6,31.6
I1_3,stochastic,0.05,0,30,80,80,4298.4,4298.2,0,4,73,10.3,3.9,9
I1_3,stochastic,0.1,0,30,80,80,4298.4,4297.8,0.01,4,79,8.9,4.6,8
I1_3,stochastic,0.15,0,30,80,80,4298.4,4297.8,0.02,4,87,16.8,4.8,15
I1_3,stochastic,0.2,0,30,80,80,4297.6,4297,0.01,4,94,23.3,4.2,20.9
I1_3,stochastic,0.25,0,30,80,80,4297.6,4297,0.01,4,79,10.5,4.3,9.4
I1_3,stochastic,0.3,0,30,80,80,4297.2,4297,0,4,77,10.5,4.4,9.4
I1_3,stochastic,0.4,0,30,80,80,4297.2,4296.8,0.01,4,73,9.5,4.2,8.7
I1_3,stochastic,0.5,0,30,80,80,4296.8,4296.6,0,4,73,9,4.1,8.1
I1_4,worst-case,0,0,20,80,80,3310.4,3310.4,0,3,50,2.8,1.8,2.3
I1_4,optimistic,0,0,20,80,80,3285.8,3285.8,0,3,46,2.1,1.1,1.7
I1_4,stochastic,0.001,0,20,80,80,3299.8,3299.8,0,3,50,6.5,4.3,6
I1_4,stochastic,0.005,0,20,80,80,3299.8,3299.8,0,3,62,5.9,3.8,5.3
I1_4,stochastic,0.01,0,20,80,80,3299.8,3299.8,0,3,61,6,4.4,5.4
I1_4,stochastic,0.05,0,20,80,80,3299.8,3299.8,0,3,80,6.9,4.3,6.2
I1_4,stochastic,0.1,0,20,80,80,3299.8,3299.8,0,3,57,6.6,4.6,6.1
I1_4,stochastic,0.15,0,20,80,80,3299.8,3299.8,0,3,65,6.5,4.3,6
I1_4,stochastic,0.2,0,20,80,80,3299.8,3299.8,0,3,57,6.3,4.5,5.8
I1_4,stochastic,0.25,0,20,80,80,3299.8,3299.8,0,3,57,6.4,4.6,5.8
I1_4,stochastic,0.3,0,20,80,80,3299.8,3299.8,0,3,59,5.8,4,5.3
I1_4,stochastic,0.4,0,20,80,80,3299.8,3299.8,0,3,68,6.4,4.3,5.8
I1_4,stochastic,0.5,0,20,80,80,3299.8,3299.8,0,3,68,6.4,4.3,5.8
I1_4,worst-case,0,0,30,80,80,4317,4312.4,0.11,4,68,2.7,1.3,2.1
I1_4,optimistic,0,0,30,80,80,3294.2,3294.2,0,3,62,2.3,1.2,1.8
I1_4,stochastic,0.001,0,30,80,80,3304.6,3304.6,0,3,49,6.3,4.9,5.8
I1_4,stochastic,0.005,0,30,80,80,3301,3301,0,3,53,5.4,3.7,4.9
I1_4,stochastic,0.01,0,30,80,80,3301,3301,0,3,51,5.7,4.2,5.2
I1_4,stochastic,0.05,0,30,80,80,3301,3301,0,3,45,6.7,5,6.3
I1_4,stochastic,0.1,0,30,80,80,3299.8,3299.8,0,3,46,5.7,4,5.3
I1_4,stochastic,0.15,0,30,80,80,3299.8,3299.8,0,3,54,5.6,3.6,5.1
I1_4,stochastic,0.2,0,30,80,80,3299.8,3299.8,0,3,53,5.9,4.2,5.4
I1_4,stochastic,0.25,0,30,80,80,3301,3299.8,0.04,3,33,6.8,5.6,6.5
I1_4,stochastic,0.3,0,30,80,80,3299.8,3299.8,0,3,66,6.7,4.5,6.2
I1_4,stochastic,0.4,0,30,80,80,3299.8,3299.8,0,3,57,7.3,5.7,6.8
I1_4,stochastic,0.5,0,30,80,80,3299.8,3299.8,0,3,73,6.6,4.2,5.8
I1_5,worst-case,0,0,20,80,80,4311.2,4310.5,0.02,4,72,5.4,1.9,4.2
I1_5,optimistic,0,0,20,80,80,3295.6,3295.6,0,3,46,2.3,1.2,1.8
I1_5,stochastic,0.001,0,20,80,80,3315.2,3315.2,0,3,43,6.2,4.9,5.7
I1_5,stochastic,0.005,0,20,80,80,3315.2,3315.2,0,3,44,5.4,3.9,4.9
I1_5,stochastic,0.01,0,20,80,80,3315.2,3315.2,0,3,46,5.5,4,5
I1_5,stochastic,0.05,0,20,80,80,3315.2,3315.2,0,3,43,5.7,4.3,5.2
I1_5,stochastic,0.1,0,20,80,80,3315.2,3315.2,0,3,39,5.7,4.2,5.2
I1_5,stochastic,0.15,0,20,80,80,3315.2,3315.2,0,3,39,7,6,6.6
I1_5,stochastic,0.2,0,20,80,80,3315.2,3315.2,0,3,39,5.3,4,4.8
I1_5,stochastic,0.25,0,20,80,80,3315.2,3315.2,0,3,44,5.2,3.7,4.7
I1_5,stochastic,0.3,0,20,80,80,3315.2,3315.2,0,3,43,5.1,3.7,4.8
I1_5,stochastic,0.4,0,20,80,80,3315.2,3315.2,0,3,44,5.2,3.8,4.7
I1_5,stochastic,0.5,0,20,80,80,3315.2,3315.2,0,3,44,5.7,4.1,5.1
I1_5,worst-case,0,0,30,80,80,4324,4323.2,0.02,4,59,3.3,1.5,2.5
I1_5,optimistic,0,0,30,80,80,3304.4,3304.4,0,3,51,2.4,1.1,1.7
I1_5,stochastic,0.001,0,30,80,80,4311.2,4311.2,0,4,45,6.5,5.5,6
I1_5,stochastic,0.005,0,30,80,80,4313.2,4308.4,0.11,4,70,7,4.8,6.3
I1_5,stochastic,0.01,0,30,80,80,4309.2,4307.6,0.04,4,146,11.1,4.7,9.4
I1_5,stochastic,0.05,0,30,80,80,3316,3316,0,3,51,5.9,4.6,5.4
I1_5,stochastic,0.1,0,30,80,80,3315.2,3315.2,0,3,45,6.1,4.9,5.5
I1_5,stochastic,0.15,0,30,80,80,3315.2,3315.2,0,3,44,5.6,4.5,5.2
I1_5,stochastic,0.2,0,30,80,80,3315.2,3315.2,0,3,45,5.6,3.9,5.2
I1_5,stochastic,0.25,0,30,80,80,3315.2,3315.2,0,3,45,5.4,3.9,4.9
I1_5,stochastic,0.3,0,30,80,80,3315.2,3315.2,0,3,44,5.6,4,5.1
I1_5,stochastic,0.4,0,30,80,80,3315.2,3315.2,0,3,45,5.5,4.1,5
I1_5,stochastic,0.5,0,30,80,80,3315.2,3315.2,0,3,47,5.7,4.3,5.4
I2_1,worst-case,0,0,20,80,80,8505.6,8503.7,0.02,8,173,125.3,34.6,93.6
I2_1,optimistic,0,0,20,80,80,7469.8,7465.6,0.06,7,130,48.9,33.9,41.8
I2_1,stochastic,0.001,0,20,80,80,8475.6,8471.8,0.05,8,394,1151.2,652,1103.9
I2_1,stochastic,0.005,0,20,80,80,8473,8468,0.06,8,886,2730.3,434.4,2601.8
I2_1,stochastic,0.01,0,20,80,80,8470,8465.4,0.05,8,871,2801.5,397.4,2673.9
I2_1,stochastic,0.05,0,20,80,80,8456,8453.7,0.03,8,143,428.1,151.1,412.1
I2_1,stochastic,0.1,0,20,80,80,8459,8449.7,0.11,8,114,252.6,169.1,244.7
I2_1,stochastic,0.15,0,20,80,80,8454.4,8449.7,0.06,8,91,211.8,144,204.6
I2_1,stochastic,0.2,0,20,80,80,8459.2,8449.7,0.11,8,118,202.7,134.1,194.9
I2_1,stochastic,0.25,0,20,80,80,8454.4,8449.7,0.06,8,87,221.4,151.7,214.1
I2_1,stochastic,0.3,0,20,80,80,8454.4,8449.7,0.06,8,81,245.8,173.8,238.4
I2_1,stochastic,0.4,0,20,80,80,8459.2,8449.7,0.11,8,122,238.1,168.9,229.8
I2_1,stochastic,0.5,0,20,80,80,8459.2,8449.7,0.11,8,115,224.2,155.2,216.7
I2_1,worst-case,0,0,30,80,80,8543.8,8541.5,0.03,8,161,108.3,31.9,77.5
I2_1,optimistic,0,0,30,80,80,7529.8,7527.4,0.03,7,163,60,30.2,48
I2_1,stochastic,0.001,0,30,80,80,8516.8,8508.5,0.1,8,959,1821.8,498.6,1714.6
I2_1,stochastic,0.005,0,30,80,80,8502.2,8498.8,0.04,8,312,1512.5,916.8,1464.3
I2_1,stochastic,0.01,0,30,80,80,8500.2,8495.8,0.05,8,479,2019.2,1032.5,1953.1
I2_1,stochastic,0.05,0,30,80,80,8487.8,8486.1,0.02,8,144,1113,712.9,1088.8
I2_1,stochastic,0.1,0,30,80,80,8485.6,8483,0.03,8,175,1109.1,511.7,1080.5
I2_1,stochastic,0.15,0,30,80,80,8486.2,8480.7,0.06,8,395,1370.1,831.7,1334.1
I2_1,stochastic,0.2,0,30,80,80,8480.2,8478.9,0.01,8,147,1290.3,923.5,1271.1
I2_1,stochastic,0.25,0,30,80,80,8479.6,8477.3,0.03,8,161,1441.9,1052.8,1415.9
I2_1,stochastic,0.3,0,30,80,80,8478.6,8476,0.03,8,242,1690.4,887,1654.2
I2_1,stochastic,0.4,0,30,80,80,8475.8,8473.9,0.02,8,243,1587.1,1040.9,1554.5
I2_1,stochastic,0.5,0,30,80,80,8475.8,8471.7,0.05,8,391,1954.5,1186.1,1916.3
I2_2,worst-case,0,0,20,80,80,8526.8,8521.9,0.06,8,111,59.1,39.1,50.7
I2_2,optimistic,0,0,20,80,80,7496,7496,0,7,235,50.6,37.1,44.8
I2_2,stochastic,0.001,0,20,80,80,8486.6,8481.6,0.06,8,128,423.4,349.9,412.9
I2_2,stochastic,0.005,0,20,80,80,8479.8,8472.6,0.08,8,241,573.7,515,557.9
I2_2,stochastic,0.01,0,20,80,80,8482.8,8471.9,0.13,8,207,566.4,455.8,554.5
I2_2,stochastic,0.05,0,20,80,80,8472,8468.3,0.04,8,289,575.8,159.9,537
I2_2,stochastic,0.1,0,20,80,80,8471.6,8467.1,0.05,8,320,474.3,144.4,445.1
I2_2,stochastic,0.15,0,20,80,80,8469.6,8466.8,0.03,8,154,343.2,141.1,312.2
I2_2,stochastic,0.2,0,20,80,80,8469.6,8466.8,0.03,8,164,377.1,172.4,344.3
I2_2,stochastic,0.25,0,20,80,80,8469.8,8466.8,0.04,8,203,386.8,142.4,349.7
I2_2,stochastic,0.3,0,20,80,80,8469.6,8466.8,0.03,8,143,296.6,131.3,270.8
I2_2,stochastic,0.4,0,20,80,80,8469.6,8466.8,0.03,8,151,329.9,137.3,299
I2_2,stochastic,0.5,0,20,80,80,8469.6,8466.8,0.03,8,165,358.6,141.7,325.8
I2_2,worst-case,0,0,30,80,80,8559.6,8556.5,0.04,8,207,132.7,31.8,93.6
I2_2,optimistic,0,0,30,80,80,7563.2,7563.2,0,7,73,44.9,33.6,39.7
I2_2,stochastic,0.001,0,30,80,80,8527,8525.2,0.02,8,7689,14279.7,525.1,13667.2
I2_2,stochastic,0.005,0,30,80,80,8525.2,8519.7,0.07,8,126,718.1,584.6,709.7
I2_2,stochastic,0.01,0,30,80,80,8520.8,8516.9,0.05,8,237,1427.2,672,1390.1
I2_2,stochastic,0.05,0,30,80,80,8506.8,8503.7,0.04,8,371,3019.1,708.8,2950
I2_2,stochastic,0.1,0,30,80,80,8500,8494.8,0.06,8,226,1013.4,636.5,988.6
I2_2,stochastic,0.15,0,30,80,80,8499,8490.7,0.1,8,440,1014.5,650.1,989.2
I2_2,stochastic,0.2,0,30,80,80,8499.8,8488.2,0.14,8,602,1361.8,651.1,1310.5
I2_2,stochastic,0.25,0,30,80,80,8509.6,8486.1,0.28,8,54,951.4,826.1,944.7
I2_2,stochastic,0.3,0,30,80,80,8486.8,8484.5,0.03,8,240,1079.6,722.9,1051.7
I2_2,stochastic,0.4,0,30,80,80,8486.4,8481,0.06,8,507,1564.5,672,1511
I2_2,stochastic,0.5,0,30,80,80,8482.4,8477.4,0.06,8,163,987.1,833.4,977.3
I2_3,worst-case,0,0,20,80,80,7540,7535.9,0.05,7,100,45.2,35.9,38.7
I2_3,optimistic,0,0,20,80,80,7444,7436.7,0.1,7,234,41.4,24.6,33.9
I2_3,stochastic,0.001,0,20,80,80,7493.4,7491.8,0.02,7,118,201.4,142.3,194.1
I2_3,stochastic,0.005,0,20,80,80,7489.4,7485,0.06,7,146,593.8,343.8,582.9
I2_3,stochastic,0.01,0,20,80,80,7499.4,7482.7,0.22,7,224,170.1,127.4,161.5
I2_3,stochastic,0.05,0,20,80,80,7472.2,7471.4,0.01,7,1475,8397.9,359.9,8155.7
I2_3,stochastic,0.1,0,20,80,80,7470.4,7466.9,0.05,7,87,303.4,197.9,297.9
I2_3,stochastic,0.15,0,20,80,80,7466.6,7466.6,0,7,73,132.1,107.7,126
I2_3,stochastic,0.2,0,20,80,80,7466.6,7466.6,0,7,74,123.6,97.7,117.9
I2_3,stochastic,0.25,0,20,80,80,7466.6,7466.6,0,7,85,129.3,105.8,123.4
I2_3,stochastic,0.3,0,20,80,80,7466.6,7466.6,0,7,82,127.4,104.2,121.5
I2_3,stochastic,0.4,0,20,80,80,7466.6,7466.6,0,7,82,128.5,105.7,122.4
I2_3,stochastic,0.5,0,20,80,80,7466.6,7466.6,0,7,82,126.2,101.5,120.3
I2_3,worst-case,0,0,30,80,80,8520.6,8520.3,0,8,172,132,27.2,93.2
I2_3,optimistic,0,0,30,80,80,7470,7470,0,7,90,33.1,24,28.1
I2_3,stochastic,0.001,0,30,80,80,8498.4,8489.1,0.11,8,409,1636.8,1288.7,1603.8
I2_3,stochastic,0.005,0,30,80,80,7530.6,7527,0.05,7,74,1693.8,1229.9,1688.8
I2_3,stochastic,0.01,0,30,80,80,7514.8,7514.8,0,7,81,967.7,853.4,962.2
I2_3,stochastic,0.05,0,30,80,80,7505.4,7504.7,0.01,7,94,1462.4,1150.4,1457.7
I2_3,stochastic,0.1,0,30,80,80,7503.4,7499.9,0.05,7,142,1427.9,921.8,1422
I2_3,stochastic,0.15,0,30,80,80,7496,7495.8,0,7,5733,35730.2,656,35243.8
I2_3,stochastic,0.2,0,30,80,80,7494,7493.6,0.01,7,70,1263.6,795.5,1258.7
I2_3,stochastic,0.25,0,30,80,80,7494,7492.3,0.02,7,126,1333.9,752.4,1327.5
I2_3,stochastic,0.3,0,30,80,80,7497.2,7490.9,0.08,7,145,1269.1,701.6,1262.2
I2_3,stochastic,0.4,0,30,80,80,7488.6,7488.1,0.01,7,86,1035.6,628.2,1031.2
I2_3,stochastic,0.5,0,30,80,80,7488.6,7485.7,0.04,7,99,1004.7,647.7,999.7
I2_4,worst-case,0,0,20,80,80,8513.2,8513.1,0,8,96,48.5,31.4,40.9
I2_4,optimistic,0,0,20,80,80,7475,7471.3,0.05,7,100,38.8,28.4,32.9
I2_4,stochastic,0.001,0,20,80,80,8484.6,8481.8,0.03,8,3315,7991.5,235.8,7557.2
I2_4,stochastic,0.005,0,20,80,80,8484.6,8475.7,0.11,8,553,800.4,405.7,762.9
I2_4,stochastic,0.01,0,20,80,80,8474.8,8471.7,0.04,8,122,539.7,469.9,531.8
I2_4,stochastic,0.05,0,20,80,80,8468.8,8468.5,0,8,96,287.9,208.4,279.8
I2_4,stochastic,0.1,0,20,80,80,8468.8,8468.3,0.01,8,88,206.1,170.7,197
I2_4,stochastic,0.15,0,20,80,80,8468.8,8468.3,0.01,8,93,141.6,87.5,133.2
I2_4,stochastic,0.2,0,20,80,80,8468.8,8468.3,0.01,8,89,137.7,84.2,129.3
I2_4,stochastic,0.25,0,20,80,80,8468.8,8468.3,0.01,8,85,127.8,83.4,121.1
I2_4,stochastic,0.3,0,20,80,80,8468.8,8468.3,0.01,8,98,143.6,88.2,135.4
I2_4,stochastic,0.4,0,20,80,80,8468.8,8468.3,0.01,8,120,150.7,86.5,139.1
I2_4,stochastic,0.5,0,20,80,80,8468.8,8468.3,0.01,8,77,126.9,84,120.5
I2_4,worst-case,0,0,30,80,80,8559.4,8559.4,0,8,73,44.4,28.1,37.5
I2_4,optimistic,0,0,30,80,80,8470.4,8466,0.05,8,228,92.4,23.3,66.9
I2_4,stochastic,0.001,0,30,80,80,8516,8515.6,0.01,8,74,387.2,289.3,381
I2_4,stochastic,0.005,0,30,80,80,8513.8,8512.1,0.02,8,154,516.9,360.5,506.1
I2_4,stochastic,0.01,0,30,80,80,8513.4,8510.8,0.03,8,204,852.3,380.1,817.8
I2_4,stochastic,0.05,0,30,80,80,8506.6,8504.9,0.02,8,265,1235.5,393.8,1187.5
I2_4,stochastic,0.1,0,30,80,80,8501.2,8498.6,0.03,8,315,1441,672.1,1398.9
I2_4,stochastic,0.15,0,30,80,80,8499,8493.4,0.07,8,606,2082.3,785.5,2015.6
I2_4,stochastic,0.2,0,30,80,80,8493.8,8490.1,0.04,8,291,1166.3,596.2,1128.6
I2_4,stochastic,0.25,0,30,80,80,8494,8487.9,0.07,8,164,1020.4,661.6,997.3
I2_4,stochastic,0.3,0,30,80,80,8491.4,8486,0.06,8,114,765,605,755.3
I2_4,stochastic,0.4,0,30,80,80,8488,8482.9,0.06,8,152,913.4,771.8,903.8
I2_4,stochastic,0.5,0,30,80,80,8485.2,8480,0.06,8,143,883,766.9,874.5
I2_5,worst-case,0,0,20,80,80,8482.6,8479.3,0.04,8,120,42.8,23.3,34.2
I2_5,optimistic,0,0,20,80,80,7414.6,7414.6,0,7,93,31.7,23,26.9
I2_5,stochastic,0.001,0,20,80,80,8438,8433.3,0.06,8,7954,30210.4,1026.4,28901.6
I2_5,stochastic,0.005,0,20,80,80,8432.8,8425.4,0.09,8,907,2225.5,862.6,2117.1
I2_5,stochastic,0.01,0,20,80,80,8430,8422.8,0.09,8,440,1173.9,655.9,1122.5
I2_5,stochastic,0.05,0,20,80,80,7461,7458.6,0.03,7,145,743.9,423.9,734
I2_5,stochastic,0.1,0,20,80,80,7458,7456.3,0.02,7,108,133.8,91,127.9
I2_5,stochastic,0.15,0,20,80,80,7458,7456.3,0.02,7,107,135.3,94.9,129.1
I2_5,stochastic,0.2,0,20,80,80,7459.6,7456.3,0.04,7,109,135.2,90.5,128.4
I2_5,stochastic,0.25,0,20,80,80,7458,7456.3,0.02,7,105,132.8,92.6,126.3
I2_5,stochastic,0.3,0,20,80,80,7458,7456.3,0.02,7,111,147,107,140.4
I2_5,stochastic,0.4,0,20,80,80,7458,7456.3,0.02,7,101,128.2,90.2,122.4
I2_5,stochastic,0.5,0,20,80,80,7458,7456.3,0.02,7,106,136.9,96.8,130.7
I2_5,worst-case,0,0,30,80,80,8517.8,8514.9,0.03,8,267,187.5,22.6,130.4
I2_5,optimistic,0,0,30,80,80,8422.2,8417.9,0.05,8,157,54.5,21.3,42.6
I2_5,stochastic,0.001,0,30,80,80,8481.8,8481.1,0.01,8,96,649.7,549.8,643
I2_5,stochastic,0.005,0,30,80,80,8479.4,8474.4,0.06,8,442,1232.7,523.6,1173.6
I2_5,stochastic,0.01,0,30,80,80,8477.4,8470.9,0.08,8,676,1864.2,681,1790.8
I2_5,stochastic,0.05,0,30,80,80,8461.2,8458.1,0.04,8,108,754.2,573,744.8
I2_5,stochastic,0.1,0,30,80,80,8452.2,8450.4,0.02,8,88,1206.5,993.7,1201
I2_5,stochastic,0.15,0,30,80,80,8454.6,8446.8,0.09,8,66,1068.7,894.6,1064.6
I2_5,stochastic,0.2,0,30,80,80,8446.6,8444.1,0.03,8,129,1079.9,918.1,1075.5
I2_5,stochastic,0.25,0,30,80,80,8442.2,8441.6,0.01,8,86,1179.6,1013,1175.1
I2_5,stochastic,0.3,0,30,80,80,8442.2,8440,0.03,8,79,1040,854.5,1035.6
I2_5,stochastic,0.4,0,30,80,80,8443.2,8436.2,0.08,8,288,1519.7,1238.5,1506.3
I2_5,stochastic,0.5,0,30,80,80,8439.8,8432.3,0.09,8,230,1604.9,1408.2,1592.9
I3_1,worst-case,0,0,20,80,80,12726,12720.6,0.04,12,3989,5876,180.3,4370.9
I3_1,optimistic,0,0,20,80,80,11604.4,11601,0.03,11,227,234,111.7,181.2
I3_1,stochastic,0.001,0,20,80,80,11713.8,11706,0.07,11,2465,37081.1,3917.2,36280.4
I3_1,stochastic,0.005,0,20,80,80,11694,11690.7,0.03,11,327,11158.7,3468.2,11006.7
I3_1,stochastic,0.01,0,20,80,80,11692.8,11685.8,0.06,11,3109,52739.7,3278.8,51593.4
I3_1,stochastic,0.05,0,20,80,80,11677.2,11672.2,0.04,11,283,4583.3,2849.2,4532.9
I3_1,stochastic,0.1,0,20,80,80,11674.4,11667,0.06,11,326,3267.7,1615.5,3188.8
I3_1,stochastic,0.15,0,20,80,80,11680.4,11666.6,0.12,11,1017,2087.6,606.5,1913.8
I3_1,stochastic,0.2,0,20,80,80,11679.2,11666.6,0.11,11,887,2354.5,599.3,2154.6
I3_1,stochastic,0.25,0,20,80,80,11673.6,11666.6,0.06,11,335,1251.5,487.2,1163.6
I3_1,stochastic,0.3,0,20,80,80,11679.2,11666.6,0.11,11,522,1193.2,555.7,1128.2
I3_1,stochastic,0.4,0,20,80,80,11679.2,11666.6,0.11,11,943,2347.2,564,2144.6
I3_1,stochastic,0.5,0,20,80,80,11679.2,11666.6,0.11,11,1111,2694.4,528.2,2443.8
I3_1,worst-case,0,0,30,80,80,12778.8,12778.8,0,12,135,210.1,140.6,181.7
I3_1,optimistic,0,0,30,80,80,11664,11653.7,0.09,11,2418,2530.7,122.6,1871.1
I3_1,stochastic,0.001,0,30,80,80,12738.6,12733.2,0.04,12,2291,35931.2,14002.5,35298.8
I3_1,stochastic,0.005,0,30,80,80,11810.2,11799.1,0.09,11,2493,62724.6,10381.5,61930.7
I3_1,stochastic,0.01,0,30,80,80,11793.2,11783.7,0.08,11,1968,60036,13900.5,59340.8
I3_1,stochastic,0.05,0,30,80,80,11761,11754.3,0.06,11,1785,39521.3,8954.2,38984
I3_1,stochastic,0.1,0,30,80,80,11753,11742.5,0.09,11,2747,24658.9,7766.1,24186.9
I3_1,stochastic,0.15,0,30,80,80,11742.2,11734.8,0.06,11,1958,49055.1,7092.6,48376.9
I3_1,stochastic,0.2,0,30,80,80,11737,11728.4,0.07,11,2138,50120.9,8787.8,49395.1
I3_1,stochastic,0.25,0,30,80,80,11732.6,11723.3,0.08,11,3819,74189.1,8988.5,73033
I3_1,stochastic,0.3,0,30,80,80,11730,11719.4,0.09,11,1778,40433.7,8755.8,39843.2
I3_1,stochastic,0.4,0,30,80,80,11725,11712.8,0.1,11,8128,114365,7236.4,112174.5
I3_1,stochastic,0.5,0,30,80,80,11717,11707.2,0.08,11,6093,127109,6822.4,125039.4
I3_2,worst-case,0,0,20,80,80,11810,11795.9,0.12,11,1953,2020.7,214.9,1465.4
I3_2,optimistic,0,0,20,80,80,11613.8,11605.4,0.07,11,203,195.8,132.4,165.9
I3_2,stochastic,0.001,0,20,80,80,11698.2,11689.7,0.07,11,829,7621.4,2994.3,7426.9
I3_2,stochastic,0.005,0,20,80,80,11688,11680.2,0.07,11,1595,14826.9,2724,14401.7
I3_2,stochastic,0.01,0,20,80,80,11688,11675.9,0.1,11,5572,30248.6,2590.7,29031.2
I3_2,stochastic,0.05,0,20,80,80,11675.2,11665.6,0.08,11,3223,18438.6,2362.7,17762.2
I3_2,stochastic,0.1,0,20,80,80,11670.6,11662.8,0.07,11,2176,12770.5,1553.5,12205.2
I3_2,stochastic,0.15,0,20,80,80,11668.6,11662.6,0.05,11,848,2710.9,670.4,2522.1
I3_2,stochastic,0.2,0,20,80,80,11667.8,11662.6,0.04,11,647,2537.3,853.5,2367.6
I3_2,stochastic,0.25,0,20,80,80,11669.2,11662.6,0.06,11,1245,3630,691,3332.4
I3_2,stochastic,0.3,0,20,80,80,11667.8,11662.6,0.04,11,480,2014.9,794.9,1885.5
I3_2,stochastic,0.4,0,20,80,80,11667.8,11662.6,0.04,11,502,2168.2,647.6,2024.5
I3_2,stochastic,0.5,0,20,80,80,11672.2,11662.6,0.08,11,2693,6663.2,858.4,6105.1
I3_2,worst-case,0,0,30,80,80,12781.2,12773.1,0.06,12,12248,27223,191.8,20712.2
I3_2,optimistic,0,0,30,80,80,11647.2,11644.3,0.03,11,308,474.5,119.5,356.3
I3_2,stochastic,0.001,0,30,80,80,11811.4,11802.8,0.07,11,1673,23003.9,12959.2,22844.4
I3_2,stochastic,0.005,0,30,80,80,11786.2,11780.4,0.05,11,1473,41006.4,8597.4,40590.9
I3_2,stochastic,0.01,0,30,80,80,11776.4,11768,0.07,11,3164,78200.6,10266.2,77304.9
I3_2,stochastic,0.05,0,30,80,80,11750.6,11741,0.08,11,8264,237878,9558.5,234826.7
I3_2,stochastic,0.1,0,30,80,80,11738,11729.7,0.07,11,8767,281239,10512.1,278109.7
I3_2,stochastic,0.15,0,30,80,80,11727.6,11721,0.06,11,3112,116030,10754.1,114945.2
I3_2,stochastic,0.2,0,30,80,80,11720.4,11713.2,0.06,11,1288,48680.4,11640.7,48295.1
I3_2,stochastic,0.25,0,30,80,80,11710.2,11707.1,0.03,11,288,20277.2,8905.3,20152.6
I3_2,stochastic,0.3,0,30,80,80,11706.2,11702.6,0.03,11,307,15534,8282.8,15443.8
I3_2,stochastic,0.4,0,30,80,80,11706.6,11696.5,0.09,11,392,11374.9,7364,11332.8
I3_2,stochastic,0.5,0,30,80,80,11703.6,11692,0.1,11,1262,13525.5,7101.7,13323.5
I3_3,worst-case,0,0,20,80,80,12729.2,12724.8,0.03,12,1261,1051.3,144.3,731.7
I3_3,optimistic,0,0,20,80,80,11616.4,11614.3,0.02,11,238,209,105.7,165.2
I3_3,stochastic,0.001,0,20,80,80,12676.8,12671.1,0.05,12,842,9562.8,5442,9373.7
I3_3,stochastic,0.005,0,20,80,80,11734.4,11732,0.02,11,148,8579,6464.1,8559.8
I3_3,stochastic,0.01,0,20,80,80,11728.2,11727.8,0,11,112,4410.6,2871.6,4390.1
I3_3,stochastic,0.05,0,20,80,80,11722.6,11716.9,0.05,11,605,4902.7,2188.8,4812.6
I3_3,stochastic,0.1,0,20,80,80,11716.6,11712.4,0.04,11,2175,13107.2,1603,12435.4
I3_3,stochastic,0.15,0,20,80,80,11716.6,11712.1,0.04,11,1571,4295.6,455.4,3855.8
I3_3,stochastic,0.2,0,20,80,80,11716.6,11712.1,0.04,11,1125,3427.1,445.5,3103.5
I3_3,stochastic,0.25,0,20,80,80,11716.6,11712.1,0.04,11,1833,4792.9,455.2,4295.2
I3_3,stochastic,0.3,0,20,80,80,11716.6,11712.1,0.04,11,1322,3478.8,439.9,3119.3
I3_3,stochastic,0.4,0,20,80,80,11717.8,11712.1,0.05,11,3170,7585.9,434.8,6792.1
I3_3,stochastic,0.5,0,20,80,80,11716.6,11712.1,0.04,11,1632,4350.5,470,3908.8
I3_3,worst-case,0,0,30,80,80,12799.2,12790.4,0.07,12,4819,6446,129.5,4781.9
I3_3,optimistic,0,0,30,80,80,11702.2,11699.1,0.03,11,213,165.4,134.6,99.9
I3_3,stochastic,0.001,0,30,80,80,12733.2,12730.3,0.02,12,300,10959.7,9293.8,10883.6
I3_3,stochastic,0.005,0,30,80,80,12729.6,12722.1,0.06,12,556,11533.2,8523.3,11443.3
I3_3,stochastic,0.01,0,30,80,80,12723.8,12717.5,0.05,12,1231,12962.6,7606.7,12754.4
I3_3,stochastic,0.05,0,30,80,80,12710.6,12706.4,0.03,12,857,17801.3,7715.3,17569.4
I3_3,stochastic,0.1,0,30,80,80,12700.2,12698.5,0.01,12,307,17802,12226.1,17696.3
I3_3,stochastic,0.15,0,30,80,80,12697.8,12692.5,0.04,12,803,19831.3,11279.5,19606.9
I3_3,stochastic,0.2,0,30,80,80,12691.4,12688.7,0.02,12,282,17066.2,12425.5,16966.6
I3_3,stochastic,0.25,0,30,80,80,12690,12685.9,0.03,12,678,21313.7,12065.8,21087.5
I3_3,stochastic,0.3,0,30,80,80,12687.8,12683.1,0.04,12,911,26277,14600.4,26025.3
I3_3,stochastic,0.4,0,30,80,80,12684,12677.9,0.05,12,772,23636.6,17014.4,23484.7
I3_3,stochastic,0.5,0,30,80,80,11766.6,11754.7,0.1,11,1968,37976.7,15582.8,37662.1
I3_4,worst-case,0,0,20,80,80,11732.2,11727.2,0.04,11,298,363.7,135.1,271.2
I3_4,optimistic,0,0,20,80,80,11616,11616,0,11,138,129.2,90.5,108.8
I3_4,stochastic,0.001,0,20,80,80,11674.8,11670.7,0.04,11,317,3049.2,1424.5,2948.3
I3_4,stochastic,0.005,0,20,80,80,11670.6,11663.3,0.06,11,303,2875,1634.3,2828.6
I3_4,stochastic,0.01,0,20,80,80,11662.8,11659.3,0.03,11,256,3669.3,2290.4,3603.7
I3_4,stochastic,0.05,0,20,80,80,11657.4,11649.6,0.07,11,2213,8985.3,1550.3,8621.6
I3_4,stochastic,0.1,0,20,80,80,11658,11646.7,0.1,11,201,636,420.7,604.8
I3_4,stochastic,0.15,0,20,80,80,11658.2,11646.7,0.1,11,708,979.3,408.3,885.3
I3_4,stochastic,0.2,0,20,80,80,11661.2,11646.7,0.12,11,254,735.5,448.6,697.7
I3_4,stochastic,0.25,0,20,80,80,11658,11646.7,0.1,11,261,837.3,612.8,803.7
I3_4,stochastic,0.3,0,20,80,80,11661.4,11646.7,0.13,11,511,829.4,412,767.9
I3_4,stochastic,0.4,0,20,80,80,11661.2,11646.7,0.12,11,443,708.1,417.1,666.9
I3_4,stochastic,0.5,0,20,80,80,11658,11646.7,0.1,11,167,623.4,425.2,595.6
I3_4,worst-case,0,0,30,80,80,12775,12771.3,0.03,12,612,768,119,538.7
I3_4,optimistic,0,0,30,80,80,11658.8,11643.2,0.13,11,1115,361.4,91.1,257.3
I3_4,stochastic,0.001,0,30,80,80,11756.8,11750.7,0.05,11,300,8401.4,5955.5,8363.8
I3_4,stochastic,0.005,0,30,80,80,11738.4,11729.1,0.08,11,4550,54756.2,4244.8,53507.5
I3_4,stochastic,0.01,0,30,80,80,11728,11721,0.06,11,2293,24606.7,3805.8,23959.3
I3_4,stochastic,0.05,0,30,80,80,11707.2,11702.2,0.04,11,1285,14443.2,2406.5,13998.6
I3_4,stochastic,0.1,0,30,80,80,11696.4,11695.5,0.01,11,143,3947.6,2511.4,3917.3
I3_4,stochastic,0.15,0,30,80,80,11694,11689.5,0.04,11,118,4642.2,3103.3,4625.4
I3_4,stochastic,0.2,0,30,80,80,11685.6,11684.6,0.01,11,126,3808.9,2698.7,3791.2
I3_4,stochastic,0.25,0,30,80,80,11683.6,11681.3,0.02,11,151,3884.1,2724,3862.4
I3_4,stochastic,0.3,0,30,80,80,11685.2,11678,0.06,11,118,4123.9,3074.4,4103.8
I3_4,stochastic,0.4,0,30,80,80,11683.2,11674.1,0.08,11,262,4532.1,3194.1,4508.2
I3_4,stochastic,0.5,0,30,80,80,11674.8,11670.4,0.04,11,122,4485.2,3209.9,4468.6
I3_5,worst-case,0,0,20,80,80,11791.2,11782.2,0.08,11,815,577,168.1,415.5
I3_5,optimistic,0,0,20,80,80,11598.2,11592.6,0.05,11,261,194.3,103.1,148.9
I3_5,stochastic,0.001,0,20,80,80,11684.4,11678.2,0.05,11,512,11313.4,3541,11179.9
I3_5,stochastic,0.005,0,20,80,80,11670.8,11665.7,0.04,11,191,7143.2,4571.7,7113.1
I3_5,stochastic,0.01,0,20,80,80,11666.8,11659.1,0.07,11,485,8070.5,4666.7,7997.5
I3_5,stochastic,0.05,0,20,80,80,11649,11647.3,0.01,11,280,8701.2,2707.3,8622.3
I3_5,stochastic,0.1,0,20,80,80,11647.2,11642.9,0.04,11,533,7784.8,2542.6,7655.9
I3_5,stochastic,0.15,0,20,80,80,11645.6,11641.1,0.04,11,421,3815.7,1157.7,3729
I3_5,stochastic,0.2,0,20,80,80,11643.8,11640.7,0.03,11,428,1553.8,535.9,1423.6
I3_5,stochastic,0.25,0,20,80,80,11643.8,11640.7,0.03,11,424,1544.3,462.6,1409.3
I3_5,stochastic,0.3,0,20,80,80,11643.8,11640.7,0.03,11,463,1623.4,491.3,1482
I3_5,stochastic,0.4,0,20,80,80,11643.8,11640.7,0.03,11,394,1568.9,478.6,1431.9
I3_5,stochastic,0.5,0,20,80,80,11643.8,11640.7,0.03,11,438,1548.3,425.2,1411.5
I3_5,worst-case,0,0,30,80,80,12777.2,12774.3,0.02,12,201,457.7,114.8,345.4
I3_5,optimistic,0,0,30,80,80,11643.8,11641.6,0.02,11,194,172.4,108.8,139.9
I3_5,stochastic,0.001,0,30,80,80,12724,12720.3,0.03,12,682,52689.1,39252.7,52546.4
I3_5,stochastic,0.005,0,30,80,80,11791,11773.9,0.14,11,451,21639.1,16734.2,21607.9
I3_5,stochastic,0.01,0,30,80,80,11770.8,11760.4,0.09,11,552,28383.7,18269.5,28325.8
I3_5,stochastic,0.05,0,30,80,80,11731.2,11727.6,0.03,11,388,31466.6,15341.1,31384.2
I3_5,stochastic,0.1,0,30,80,80,11729.6,11714.9,0.13,11,257,26325.3,15869.1,26300.9
I3_5,stochastic,0.15,0,30,80,80,11713.4,11706.8,0.06,11,343,42980.4,16622.8,42873.3
I3_5,stochastic,0.2,0,30,80,80,11704.8,11700.5,0.04,11,368,41573.8,18040,41503.7
I3_5,stochastic,0.25,0,30,80,80,11699.2,11696.2,0.03,11,424,35823,15848.7,35746.7
I3_5,stochastic,0.3,0,30,80,80,11696.2,11692.5,0.03,11,403,20832.8,9151.3,20738.7
I3_5,stochastic,0.4,0,30,80,80,11694.4,11686.2,0.07,11,857,21684,9747.4,21540.8
I3_5,stochastic,0.5,0,30,80,80,11687.8,11680.9,0.06,11,664,21697.8,9904.9,21574.6